,All Rounder,Climber,Sprinter,Unclassed
All Rounder,1.0,0.0656085363864875,1.7745600670546307e-24,9.82965867244278e-47
Climber,0.0656085363864875,1.0,1.8385818249228033e-16,2.430591686935872e-37
Sprinter,1.7745600670546307e-24,1.8385818249228033e-16,1.0,0.026836310844690788
Unclassed,9.82965867244278e-47,2.430591686935872e-37,0.026836310844690788,1.0
