,sum_sq,df,F,PR(>F)
C(rider_class),314893.6894034767,3.0,85.50521414574985,2.198409496021998e-53
Residual,4286712.314887128,3492.0,,
