stage,H,p,epsilon_sq
flat,82.09679179120823,1.089451564890935e-17,0.07190617435564385
hills,156.39521512731392,1.0990389345584899e-33,0.10449265335648088
mount,183.16057595089578,1.8318686772581686e-39,0.19668185147477704
